RPKG_PELL_VAL.xlsx,Packaging Reports
UUFA_WR_PAST_GRAD_DATE_PELL.xlsx,Weekly Reports
UUFA_WR_GRAD_THESIS_FED_AWDS.xlsx,Weekly Reports
UUFA_IL_140LNS_UEM_REVIEW.xlsx,Daily Reports
UUFA_IL_140PLL_UEM_REVIEW.xlsx,Daily Reports
UUFA_ALT_LOAN_CHANGE_LOG_INFO.xlsx,Alternative Loan Reports
UUFA_ALT_LOAN_CL4APP_LOG_INFO.xlsx,Alternative Loan Reports
UUFA_PRT_AWD_COMB_OVER_AGG_RVW1.xlsx,Packaging Reports
UUFA_DISB_ITEMS_NOT_MATCH_IA.xlsx,Daily Reports
UUFA_PRT_AWD_COMB_OVER_AGG_RVW.xlsx,Packaging Reports
UUFA_DAILY_EA_RESULTS.xlsx,External Award Reports
UUFA_SA_ISSUES.xlsx,External Award Reports
UUFA_ALR_LN_ORIG_VLOAN_RSN.xlsx,Alternative Loan Reports
UUFA_WR_RT4_SP_DROP_CLASSES.xlsx,Weekly Reports
UUFA_WR_RT4_SU_DROP_CLASSES.xlsx,Weekly Reports
